,w_mean_inferred,w_std_inferred
0,1.2151769,0.00648063
1,-0.069145896,0.0067256507
2,2.0856872,0.0061899377
3,-0.32576674,0.009528278
4,-0.33068007,0.011006831
